Month Name,Meter Name,Amount,Monetary Cost,Environmental Cost,Total Cost
7/1/2009,EL1,58233,3661.37,11646.6,42642511.84
8/1/2009,EL1,282323,17949.02,56464.6,1013484235
9/1/2009,EL1,405601,23876.63,81120.2,1936877001
10/1/2009,EL1,387746,21179.26,85304.12,1806678137
11/1/2009,EL1,769449,38578.81,169278.78,6530573891
12/1/2009,EL1,109448,7305.06,24078.56,175895325.5
1/1/2010,EL1,79997,4709.21,17599.34,82878987.92
2/1/2010,EL1,295623,23907.27,65037.06,1554858553
3/1/2010,EL1,345094,19442.98,75920.68,1476124263
4/1/2010,EL1,433231,23955.68,95310.82,2283235504
5/1/2010,EL1,970260,62157.9,213457.2,13268051292
6/1/2010,EL1,199158,16536.32,43814.76,724534892.1
7/1/2010,EL1,380602,54270.43,83732.44,4544195524
8/1/2010,EL1,528283,58136.17,116222.26,6756717065
9/1/2010,EL1,544528,49559.85,119796.16,5937079720
10/1/2010,EL1,794620,42214.71,174816.4,7379823629
11/1/2010,EL1,299902,16811.03,65978.44,1109165534
12/1/2010,EL1,95141,9588.39,20931.02,200694782.9
1/1/2011,EL1,358548,30724.91,68124.12,2093107456
2/1/2011,EL1,214225,12900.8,40702.75,525098037.2
3/1/2011,EL1,82480,5278.65,15671.2,82722779.88
4/1/2011,EL1,384913,27104.15,73133.47,1982220541
5/1/2011,EL1,1116345,69905.52,212105.55,14827348768
6/1/2011,EL1,157495,19703.75,29924.05,589616000.2
7/1/2011,EL1,417574,45482.16,79339.06,3608511821
8/1/2011,EL1,268993,20523.07,51108.67,1048906812
9/1/2011,EL1,944186,57897.23,179395.34,10386493261
10/1/2011,EL1,368945,19840.84,70099.55,1390833956
11/1/2011,EL1,537407,28729.68,102107.33,2933510917
12/1/2011,EL1,62353,2953.12,11847.07,34985819.36
1/1/2012,EL1,551000,29049.99,104690,3041243453
2/1/2012,EL1,68599,2659.04,13033.81,34657422.14
3/1/2012,EL1,118915,5566.9,22593.85,125777703.6
4/1/2012,EL1,167247,5932.46,31776.93,188515366.1
5/1/2012,EL1,1584146,75376.04,300987.74,22687263930
6/1/2012,EL1,333170,16933.41,63302.3,1071923800
7/1/2012,EL1,492453,41444.41,93566.07,3877790567
8/1/2012,EL1,386953,22562.73,73521.07,1658836052
9/1/2012,EL1,637070,36741.18,121043.3,4447273673
10/1/2012,EL1,460405,22247.61,87476.95,1946153068
11/1/2012,EL1,410422,23089.23,77980.18,1800502311
12/1/2012,EL1,951884,46780.59,180857.96,8460642075
1/1/2013,EL1,148969,6784.28,28304.11,192023007.4
2/1/2013,EL1,189692,27694.48,36041.48,998150047
3/1/2013,EL1,53767,2799.45,10215.73,28598425.35
4/1/2013,EL1,222888,11848.07,42348.72,501750599
5/1/2013,EL1,1108181,59754.39,210554.39,12581549136
6/1/2013,EL1,1081470,67621.03,205479.3,13894721910
7/1/2013,EL1,478902,43550.59,90991.38,3962728284
8/1/2013,EL1,326932,18939.58,62117.08,1176471406
9/1/2013,EL1,591944,37526.55,112469.36,4220587062
10/1/2013,EL1,371475,18783.54,70580.25,1325746949
11/1/2013,EL1,218128,10436.04,41444.32,432514581.3
12/1/2013,EL1,168915,9638.21,32093.85,309327266
1/1/2014,EL1,463828,143905.38,92765.6,13349468919
2/1/2014,EL1,491231,59294.71,98246.2,5825479938
3/1/2014,EL1,60755,5146.69,12151,62537430.19
4/1/2014,EL1,1568672,88245.94,313734.4,27685787038
5/1/2014,EL1,1320681,67315.91,264136.2,17780568667
6/1/2014,EL1,1679543,82618.92,335908.6,27752405751
7/1/2014,EL1,470744,27595,94148.8,2598036136
8/1/2014,EL1,256023,13593,51204.6,696024127.8
9/1/2014,EL1,663311,38508,132662.2,5108555998
10/1/2014,EL1,2218037,107684,443607.4,47769419262
11/1/2014,EL1,397659,19824,79531.8,1576638403
12/1/2014,EL1,108134,6289,21626.8,136010945.2
1/1/2015,EL1,66896,4302,12041.28,51801586.56
2/1/2015,EL1,432091,60478,77776.38,4703759910
3/1/2015,EL1,240500,19486,43290,843548940
4/1/2015,EL1,399363,18878,71885.34,1357051449
5/1/2015,EL1,1000086,44566,180015.48,8022569882
6/1/2015,EL1,872315,27494,157016.7,4317017150
7/1/2015,EL1,597586,,107565.48,0
9/1/2015,EL1,925821,129202.42,166647.78,21531296464
10/1/2015,EL1,3208249,,577484.82,0
1/1/2016,EL1,2880371,186579.92,547270.49,1.0211E+11
5/1/2016,EL1,787823,90289.98,149686.37,13515179354
6/1/2016,EL1,2851832,,541848.08,0
9/1/2016,EL1,1009260,119040.23,191759.4,22827083081
10/1/2016,EL1,1447797,186143.75,275081.43,51204688936
11/1/2016,EL1,344638,59598.24,65481.22,3902565465
12/1/2016,EL1,1114284,102124.86,211713.96,21621258525
1/1/2017,EL1,227562,103476.66,38685.54,4003050469
2/1/2017,EL1,3657128,222306.24,621711.76,1.3821E+11
3/1/2017,EL1,1545370,132390.8,262712.9,34780771001
4/1/2017,EL1,301793,62263.29,51304.81,3194406263
5/1/2017,EL1,1329469,107692.11,226009.73,24339464704
6/1/2017,EL1,872186,97338.55,148271.62,14432544497
7/1/2017,EL1,521674,95640.11,88684.58,8481802987
8/1/2017,EL1,493327,82991.46,83865.59,6960127758
9/1/2017,EL1,1152599,134512.32,195941.83,26356590138
10/1/2017,EL1,614019,85841.24,104383.23,8960385898
11/1/2017,EL1,443815,77266.45,75448.55,5829641616
12/1/2017,EL1,244024,66263.79,41484.08,2748892365
1/1/2018,EL1,9454,66858.54,1701.72,113774514.7
2/1/2018,EL1,327543,69682.19,58957.74,4108304441
3/1/2018,EL1,1395352,116430.18,251163.36,29242995214
4/1/2018,EL1,2701256,147823.35,486226.08,71875568003
5/1/2018,EL1,1636270,86438.8,294528.6,25458698750
6/1/2018,EL1,1087859,110666.48,195814.62,21670114728
7/1/2018,EL1,614833,83910.76,110669.94,9286398775
8/1/2018,EL1,760546,98016.19,136898.28,13418247823
9/1/2018,EL1,1898321,156469.06,341697.78,53465130441
10/1/2018,EL1,3427636,206774.03,616974.48,1.27574E+11
11/1/2018,EL1,1807202,133424.01,325296.36,43402344790
12/1/2018,EL1,116506,57730.87,20971.08,1210678693
1/1/2019,EL1,213665,66236.2,38459.7,2547424381
2/1/2019,EL1,278158,85078.82,50068.44,4259763794
3/1/2019,EL1,162008,77767.29,29161.44,2267806161
4/1/2019,EL1,438928,84594.32,79007.04,6683546824
5/1/2019,EL1,1774635,118147.01,319434.3,37740207436
6/1/2019,EL1,770479,118522.84,138686.22,16437484663
7/1/2019,EL1,1483767,162321.68,267078.06,43352559390
8/1/2019,EL1,597586,113556.16,107565.48,12214722857
9/1/2019,EL1,710774,124349.42,127939.32,15909180237
10/1/2019,EL1,964363,107210.06,173585.34,18610094717
11/1/2019,EL1,602619,92454.82,108471.42,10028705611
12/1/2019,EL1,439271,60895.71,79068.78,4814949497
12/1/2019,EL1,2029,39773.49,365.22,14526074.02
1/1/2020,EL1,289243,138157.3,49171.31,6793375427
2/1/2020,EL1,127944,74402.19,21750.48,1618283346
3/1/2020,EL1,77848,72395.8,13234.16,958097600.5
4/1/2020,EL1,1428436,121684.22,242834.12,29549080482
5/1/2020,EL1,2319373,153816.13,394293.41,60648686411
6/1/2020,EL1,3328946,229797.28,565920.82,1.30047E+11
7/1/2020,EL1,4396280,304366.4,747367.6,2.27474E+11
8/1/2020,EL1,3614224,246317.7,614418.08,1.51342E+11
9/1/2020,EL1,2413814,218453.3,410348.38,89641957761
10/1/2020,EL1,0,0,0,0
11/1/2020,EL1,244508,87195.45,41566.36,3624397465
12/1/2020,EL1,512438,102275.08,87114.46,8909638366
12/1/2016,EL2,140,63.87,26.6,1698.942
1/1/2017,EL2,14,50.32,2.38,119.7616
2/1/2017,EL2,4,51.94,0.68,35.3192
3/1/2017,EL2,91,62.83,15.47,971.9801
4/1/2017,EL2,87,62.72,14.79,927.6288
5/1/2017,EL2,197,77.61,33.49,2599.1589
6/1/2017,EL2,396,134.48,67.32,9053.1936
7/1/2017,EL2,437,143,74.29,10623.47
8/1/2017,EL2,302,162.34,51.34,8334.5356
10/1/2017,EL2,130,63.96,22.1,1413.516
11/1/2017,EL2,105,255.75,17.85,4565.1375
4/1/2018,EL2,14,49.82,2.52,125.5464
5/1/2018,EL2,19,50.07,3.42,171.2394
6/1/2018,EL2,370,117.06,66.6,7796.196
7/1/2018,EL2,183,122.12,32.94,4022.6328
8/1/2018,EL2,295,100.82,53.1,5353.542
9/1/2018,EL2,274,96.64,49.32,4766.2848
10/1/2018,EL2,192,64.17,34.56,2217.7152
11/1/2018,EL2,81,54.43,14.58,793.5894
12/1/2018,EL2,58,56.08,10.44,585.4752
1/1/2019,EL2,46,44.14,8.28,365.4792
2/1/2019,EL2,44,44.74,7.92,354.3408
3/1/2019,EL2,30,80.53,5.4,434.862
5/1/2019,EL2,19,39.2,3.42,134.064
6/1/2019,EL2,518,137.64,93.24,12833.5536
7/1/2019,EL2,94,47.25,16.92,799.47
8/1/2019,EL2,321,92.44,57.78,5341.1832
9/1/2019,EL2,268,81.35,48.24,3924.324
10/1/2019,EL2,218,70.1,39.24,2750.724
12/1/2019,EL2,52,46.99,9.36,439.8264
1/1/2020,EL2,27,39.42,4.59,180.9378
2/1/2020,EL2,5,84.45,0.85,71.7825
4/1/2020,EL2,68,49.47,11.56,571.8732
5/1/2020,EL2,18,44.8,3.06,137.088
6/1/2020,EL2,518,154.08,88.06,13568.2848
7/1/2020,EL2,107,71.77,18.19,1305.4963
8/1/2020,EL2,291,106.9,49.47,5288.343
9/1/2020,EL2,287,105.79,48.79,5161.4941
10/1/2020,EL2,200,69.15,34,2351.1
11/1/2020,EL2,183,66.62,31.11,2072.5482
12/1/2020,EL2,145,64.01,24.65,1577.8465
1/1/2021,EL2,108,60.03,20.52,1231.8156
12/1/2016,EL3,86,23.25,16.34,379.905
1/1/2017,EL3,217,36.79,36.89,1357.1831
2/1/2017,EL3,148,28.1,25.16,706.996
3/1/2017,EL3,316,49.48,53.72,2658.0656
4/1/2017,EL3,162,30.52,27.54,840.5208
5/1/2017,EL3,25,13.54,4.25,57.545
6/1/2017,EL3,20,10.99,3.4,37.366
7/1/2017,EL3,205,50.6,34.85,1763.41
8/1/2017,EL3,184,43.76,31.28,1368.8128
9/1/2017,EL3,72,21.08,12.24,258.0192
10/1/2017,EL3,476,55.86,80.92,4520.1912
11/1/2017,EL3,42,11.57,7.14,82.6098
12/1/2017,EL3,149,26.1,25.33,661.113
1/1/2018,EL3,87,32.52,15.66,509.2632
2/1/2018,EL3,1,14.85,0.18,2.673
3/1/2018,EL3,158,33.83,28.44,962.1252
4/1/2018,EL3,211,39.37,37.98,1495.2726
5/1/2018,EL3,115,30.02,20.7,621.414
6/1/2018,EL3,19,24.27,3.42,83.0034
7/1/2018,EL3,79,36.1,14.22,513.342
8/1/2018,EL3,23,24.43,4.14,101.1402
9/1/2018,EL3,54,30.95,9.72,300.834
10/1/2018,EL3,139,35.12,25.02,878.7024
11/1/2018,EL3,22,24.09,3.96,95.3964
12/1/2018,EL3,2,23.15,0.36,8.334
1/1/2019,EL3,90,42.1,16.2,682.02
3/1/2019,EL3,240,43.67,43.2,1886.544
4/1/2019,EL3,12,16.71,2.16,36.0936
5/1/2019,EL3,75,24.42,13.5,329.67
6/1/2019,EL3,3,21.38,0.54,11.5452
8/1/2019,EL3,0,10.33,0,0
9/1/2019,EL3,18,14.17,3.24,45.9108
10/1/2019,EL3,141,25.32,25.38,642.6216
11/1/2019,EL3,75,18.38,13.5,248.13
12/1/2019,EL3,265,39.29,47.7,1874.133
1/1/2020,EL3,41,11.91,6.97,83.0127
2/1/2020,EL3,108,20.18,18.36,370.5048
3/1/2020,EL3,6,8.2,1.02,8.364
4/1/2020,EL3,24,9.92,4.08,40.4736
5/1/2020,EL3,9,8.15,1.53,12.4695
6/1/2020,EL3,1,5.6,0.17,0.952
7/1/2020,EL3,380,83.65,64.6,5403.79
8/1/2020,EL3,486,102.37,82.62,8457.8094
9/1/2020,EL3,19,9.38,3.23,30.2974
10/1/2020,EL3,26,8.26,4.42,36.5092
11/1/2020,EL3,297,33.84,50.49,1708.5816
12/1/2020,EL3,16,9.87,2.72,26.8464
1/1/2021,EL3,103,37.43,19.57,732.5051
12/1/2016,EL4,872,133.98,165.68,22197.8064
1/1/2017,EL4,751,128.26,127.67,16374.9542
2/1/2017,EL4,714,123.68,121.38,15012.2784
3/1/2017,EL4,662,123.14,112.54,13858.1756
4/1/2017,EL4,564,116.33,95.88,11153.7204
5/1/2017,EL4,506,114.1,86.02,9814.882
6/1/2017,EL4,491,108.56,83.47,9061.5032
7/1/2017,EL4,493,108.72,83.81,9111.8232
8/1/2017,EL4,525,107.69,89.25,9611.3325
9/1/2017,EL4,664,117.5,112.88,13263.4
10/1/2017,EL4,668,114.69,113.56,13024.1964
11/1/2017,EL4,784,133.06,133.28,17734.2368
12/1/2017,EL4,872,147.8,148.24,21909.872
1/1/2018,EL4,751,135.39,135.18,18302.0202
2/1/2018,EL4,757,136.8,136.26,18640.368
3/1/2018,EL4,638,123.07,114.84,14133.3588
4/1/2018,EL4,545,110.91,98.1,10880.271
5/1/2018,EL4,538,114.14,96.84,11053.3176
6/1/2018,EL4,459,101.19,82.62,8360.3178
7/1/2018,EL4,493,102.45,88.74,9091.413
8/1/2018,EL4,525,102.42,94.5,9678.69
9/1/2018,EL4,664,108.79,119.52,13002.5808
10/1/2018,EL4,668,109.26,120.24,13137.4224
11/1/2018,EL4,837,122.37,150.66,18436.2642
12/1/2018,EL4,819,127.77,147.42,18835.8534
1/1/2019,EL4,751,124.21,135.18,16790.7078
2/1/2019,EL4,757,132.56,136.26,18062.6256
3/1/2019,EL4,619,117.14,111.42,13051.7388
4/1/2019,EL4,564,117.15,101.52,11893.068
5/1/2019,EL4,538,117.26,96.84,11355.4584
6/1/2019,EL4,459,106.88,82.62,8830.4256
7/1/2019,EL4,493,109.74,88.74,9738.3276
8/1/2019,EL4,587,111.89,105.66,11822.2974
9/1/2019,EL4,602,111.05,108.36,12033.378
10/1/2019,EL4,668,119.29,120.24,14343.4296
11/1/2019,EL4,837,128.4,150.66,19344.744
12/1/2019,EL4,819,131.72,147.42,19418.1624
1/1/2020,EL4,799,135.61,135.83,18419.9063
2/1/2020,EL4,711,130.9,120.87,15821.883
3/1/2020,EL4,621,128.02,105.57,13515.0714
4/1/2020,EL4,600,120.88,102,12329.76
5/1/2020,EL4,505,110.68,85.85,9501.878
6/1/2020,EL4,459,105.29,78.03,8215.7787
7/1/2020,EL4,528,111.84,89.76,10038.7584
8/1/2020,EL4,528,107.96,89.76,9690.4896
9/1/2020,EL4,620,111.81,105.4,11784.774
10/1/2020,EL4,90.71,114.81,15.4207,1770.450567
11/1/2020,EL4,834,121.22,141.78,17186.5716
12/1/2020,EL4,872,135.64,148.24,20107.2736
1/1/2021,EL4,749,131.34,142.31,18690.9954
12/1/2016,EL5,0,4.25,0,0
1/1/2017,EL5,0,4.25,0,0
2/1/2017,EL5,6,4.72,1.02,4.8144
3/1/2017,EL5,0,4.25,0,0
4/1/2017,EL5,0,4.25,0,0
5/1/2017,EL5,0,4.25,0,0
6/1/2017,EL5,0,4.25,0,0
7/1/2017,EL5,0,4.25,0,0
8/1/2017,EL5,0,4.25,0,0
9/1/2017,EL5,0,4.25,0,0
10/1/2017,EL5,0,4.25,0,0
11/1/2017,EL5,0,4.25,0,0
12/1/2017,EL5,0,4.25,0,0
1/1/2018,EL5,0,4.24,0,0
2/1/2018,EL5,0,4.24,0,0
3/1/2018,EL5,0,4.24,0,0
4/1/2018,EL5,0,4.24,0,0
5/1/2018,EL5,0,4.24,0,0
6/1/2018,EL5,0,4.24,0,0
7/1/2018,EL5,0,4.24,0,0
8/1/2018,EL5,0,4.24,0,0
9/1/2018,EL5,0,4.24,0,0
10/1/2018,EL5,0,4.24,0,0
11/1/2018,EL5,0,4.74,0,0
12/1/2018,EL5,0,4.73,0,0
1/1/2019,EL5,0,4.74,0,0
2/1/2019,EL5,0,4.74,0,0
3/1/2019,EL5,0,4.74,0,0
4/1/2019,EL5,0,4.74,0,0
5/1/2019,EL5,0,4.73,0,0
6/1/2019,EL5,0,4.74,0,0
7/1/2019,EL5,0,4.74,0,0
8/1/2019,EL5,0,4.74,0,0
9/1/2019,EL5,0,4.73,0,0
10/1/2019,EL5,0,4.79,0,0
11/1/2019,EL5,0,4.79,0,0
12/1/2019,EL5,0,4.78,0,0
1/1/2020,EL5,0,4.79,0,0
2/1/2020,EL5,0,4.79,0,0
3/1/2020,EL5,0,4.79,0,0
4/1/2020,EL5,0,4.79,0,0
5/1/2020,EL5,0,4.78,0,0
6/1/2020,EL5,0,4.79,0,0
7/1/2020,EL5,0,4.79,0,0
8/1/2020,EL5,0,4.79,0,0
9/1/2020,EL5,0,4.79,0,0
10/1/2020,EL5,0,4.79,0,0
11/1/2020,EL5,0,4.79,0,0
12/1/2020,EL5,0,4.78,0,0
1/1/2021,EL5,0,4.79,0,0
3/1/2020,EL6,920,1133.02,156.4,177204.328
5/1/2020,EL6,360,626.56,61.2,38345.472
6/1/2020,EL6,0,0,0,0
7/1/2020,EL6,400,996.04,68,67730.72
8/1/2020,EL6,360,990.59,61.2,60624.108
9/1/2020,EL6,360,989.59,61.2,60562.908
10/1/2020,EL6,360,634.84,61.2,38852.208
11/1/2020,EL6,400,635.8,68,43234.4
12/1/2020,EL6,400,632.8,68,43030.4
1/1/2021,EL6,360,671.56,68.4,45934.704
12/1/2018,Estimated Co-Gen Electric,10884679.2,,,0
1/1/2019,Estimated Co-Gen Electric,9707757.57,,,0
2/1/2019,Estimated Co-Gen Electric,10849477.6,,,0
3/1/2019,Estimated Co-Gen Electric,11652614.63,,,0
4/1/2019,Estimated Co-Gen Electric,11326021.4,,,0
5/1/2019,Estimated Co-Gen Electric,8028565.66,,,0
6/1/2019,Estimated Co-Gen Electric,10096783.58,,,0
7/1/2019,Estimated Co-Gen Electric,10302134.8,,,0
8/1/2019,Estimated Co-Gen Electric,11608367.82,,,0
9/1/2019,Estimated Co-Gen Electric,11214783.38,,,0
10/1/2019,Estimated Co-Gen Electric,9890572.53,,,0
11/1/2019,Estimated Co-Gen Electric,10999690.9,,,0
12/1/2019,Estimated Co-Gen Electric,10884679.2,,,0
1/1/2020,Estimated Co-Gen Electric,10978918.64,,,0
2/1/2020,Estimated Co-Gen Electric,11172856.72,,,0
2/1/2016,Fuel Oil Deliveries,7501,,46281.17,0
2/1/2016,Fuel Oil Deliveries,7500,,46275,0
3/1/2016,Fuel Oil Deliveries,4510.3,,27828.551,0
3/1/2016,Fuel Oil Deliveries,8115,,50069.55,0
3/1/2016,Fuel Oil Deliveries,7521,,46404.57,0
3/1/2016,Fuel Oil Deliveries,5540,,34181.8,0
5/1/2017,Fuel Oil Deliveries,191.9,340.28,1184.023,402899.3464
5/1/2017,Fuel Oil Deliveries,474.3,841.03,2926.431,2461216.264
5/1/2017,Fuel Oil Deliveries,74,131.22,456.58,59912.4276
5/1/2017,Fuel Oil Deliveries,55.8,98.94,344.286,34063.65684
1/1/2017,Fuel Oil Deliveries,7517,16709.54,46379.89,774986627.2
1/1/2017,Fuel Oil Deliveries,7542,16757.57,46534.14,779799108.4
1/1/2017,Fuel Oil Deliveries,4070.5,9048.31,25114.985,227248169.9
1/1/2017,Fuel Oil Deliveries,3968.3,8821.13,24484.411,215980172.4
1/1/2018,Fuel Oil Deliveries,7505,16829.96,46305.85,779325603.3
1/1/2018,Fuel Oil Deliveries,7504,16827.72,46299.68,779118051.1
1/1/2018,Fuel Oil Deliveries,7539,16766.74,46515.63,779915474.1
1/1/2018,Fuel Oil Deliveries,7504,16688.9,46299.68,772690729.6
1/1/2018,Fuel Oil Deliveries,7505,16998.83,46305.85,787145272.2
1/1/2018,Fuel Oil Deliveries,3898.7,8861.75,24054.979,213169210.2
1/1/2018,Fuel Oil Deliveries,7505,16998.83,46305.85,787145272.2
1/1/2018,Fuel Oil Deliveries,7505,16998.83,46305.85,787145272.2
1/1/2018,Fuel Oil Deliveries,7505,16857.73,46305.85,780611516.7
1/1/2018,Fuel Oil Deliveries,7505,16813.45,46305.85,778561093.7
3/1/2018,Fuel Oil Deliveries,281.2,645.69,1735.004,1120274.733
3/1/2018,Fuel Oil Deliveries,170.8,392.19,1053.836,413303.9408
6/1/2018,Fuel Oil Deliveries,97.5,268.07,601.575,161264.2103
6/1/2018,Fuel Oil Deliveries,70.7,194.38,436.219,84792.24922
9/1/2018,Fuel Oil Deliveries,7505,17924.19,46305.85,829994853.5
10/1/2018,Fuel Oil Deliveries,141.7,370.02,874.289,323504.4158
10/1/2018,Fuel Oil Deliveries,82.6,215.69,509.642,109924.683
10/1/2018,Fuel Oil Deliveries,193.4,505.03,1193.278,602641.1883
2/1/2019,Fuel Oil Deliveries,7506,15030.01,46312.02,696070123.7
2/1/2019,Fuel Oil Deliveries,7506,15264.2,46312.02,706915935.7
2/1/2019,Fuel Oil Deliveries,7505,15262.17,46305.85,706727754.7
2/1/2019,Fuel Oil Deliveries,7507,15266.24,46318.19,707104604.9
2/1/2019,Fuel Oil Deliveries,7396,15040.51,45633.32,686348405.8
2/1/2019,Fuel Oil Deliveries,7506,15149.36,46312.02,701597463.3
2/1/2019,Fuel Oil Deliveries,6491.7,13102.2,40053.789,524792754.2
2/1/2019,Fuel Oil Deliveries,7506,15149.36,46312.02,701597463.3
2/1/2019,Fuel Oil Deliveries,7508,14965.7,46324.36,693276474.5
2/1/2019,Fuel Oil Deliveries,7506,14961.71,46312.02,692907012.8
7/1/2009,NG1,11668.61,8588.98,37106.1798,318704236.2
8/1/2009,NG1,45471.29,29419.21,144598.7022,4253979586
9/1/2009,NG1,6168.88,4032.89,19617.0384,79113357.99
10/1/2009,NG1,1417.45,1451.43,4507.491,6542307.662
11/1/2009,NG1,22009.46,16960.58,69990.0828,1187072399
12/1/2009,NG1,29273.49,23099.12,93089.6982,2150290109
1/1/2010,NG1,45786.72,42721.07,145601.7696,6220263391
2/1/2010,NG1,52135.16,45379,165789.8088,7523375734
3/1/2010,NG1,1288.96,1527.82,4098.8928,6262370.398
4/1/2010,NG1,5413.35,4276.2,17214.453,73612443.92
5/1/2010,NG1,35251.45,27073.8,112099.611,3034962448
6/1/2010,NG1,17728.44,13655.86,56376.4392,769868761
7/1/2010,NG1,58012.87,47529.31,184480.9266,8768251149
8/1/2010,NG1,64357,53281.8,204655.26,10904400632
9/1/2010,NG1,29966.95,21283.82,95294.901,2028239520
10/1/2010,NG1,40792.21,29649.99,129719.2278,3846173807
11/1/2010,NG1,1829.57,1720.98,5818.0326,10012717.74
12/1/2010,NG1,53721.84,42305.83,170835.4512,7227335556
1/1/2011,NG1,92408.51,72318.89,293859.0618,21251561166
2/1/2011,NG1,49664.08,39662.11,157931.7744,6263907409
3/1/2011,NG1,14002.84,10708.99,44529.0312,476860949.8
4/1/2011,NG1,10241.49,8073.43,32567.9382,262934969.3
5/1/2011,NG1,65067.2,49619.82,206913.696,10267020351
6/1/2011,NG1,16629.65,12950.18,52882.287,684835135.5
7/1/2011,NG1,25051.79,19362.91,79664.6922,1542540265
8/1/2011,NG1,14503.67,11487.61,46121.6706,529827764.4
9/1/2011,NG1,27208,19536.94,86521.44,1690364182
10/1/2011,NG1,22003.31,15654.69,69970.5258,1095366891
11/1/2011,NG1,15121.6,10722.39,48086.688,515604222.5
12/1/2011,NG1,2596.12,2263.29,8255.6616,18684956.34
1/1/2012,NG1,86199.84,57307.68,274115.4912,15708922853
2/1/2012,NG1,6782,4561.62,21566.76,98379363.75
3/1/2012,NG1,1939.39,1618.65,6167.2602,9982635.723
4/1/2012,NG1,1662.34,1418.81,5286.2412,7500171.877
5/1/2012,NG1,76755.94,41045.76,244083.8892,10018608736
6/1/2012,NG1,16641.93,10032.78,52921.3374,530948135.4
7/1/2012,NG1,16309,10473.45,51862.62,543180557.4
8/1/2012,NG1,50323.44,32567.79,160028.5392,5211775859
9/1/2012,NG1,34990.43,21325.43,111269.5674,2372871371
10/1/2012,NG1,45918.78,29819.87,146021.7204,4354348720
11/1/2012,NG1,14955.16,10773.03,47557.4088,512337391.7
12/1/2012,NG1,79079.75,55434.45,251473.605,13940300983
1/1/2013,NG1,166119.55,108503.86,528260.169,57318267421
2/1/2013,NG1,84230.55,55842.4,267853.149,14957562688
3/1/2013,NG1,46463.34,31592.69,147753.4212,4667928032
4/1/2013,NG1,8897.35,6856.87,28293.573,194005351.9
5/1/2013,NG1,26005.19,19522.43,82696.5042,1614436714
6/1/2013,NG1,120392,88780.91,382846.56,33989465987
7/1/2013,NG1,120585.06,82991.35,383460.4908,31823903803
8/1/2013,NG1,161677.48,104854.62,514134.3864,53909365715
9/1/2013,NG1,167524.88,110645.88,532729.1184,58944282107
10/1/2013,NG1,95543.66,62030.62,303828.8388,18846691245
11/1/2013,NG1,90444.96,58206.98,287614.9728,16741198969
12/1/2013,NG1,135330.35,91513.95,430350.513,39383075329
1/1/2014,NG1,125583.33,96351.61,399354.9894,38478496190
2/1/2014,NG1,150136.45,133376.91,477433.911,63678659778
3/1/2014,NG1,96244.73,78392.78,306058.2414,23992756385
4/1/2014,NG1,119610.32,90612.3,380360.8176,34465368513
5/1/2014,NG1,104511.09,81611,332345.2662,27123029520
6/1/2014,NG1,118867.35,89627.5,377998.173,33879031251
7/1/2014,NG1,14180,10836,45092.4,488621246.4
8/1/2014,NG1,20028,13811,63689.04,879609331.4
9/1/2014,NG1,39542,27384,125743.56,3443361647
10/1/2014,NG1,95456,66040,303550.08,20046447283
11/1/2014,NG1,108002,73989,343446.36,25411252730
12/1/2014,NG1,50537,38184,160707.66,6136461289
1/1/2015,NG1,117502,75876,373656.36,28351549971
2/1/2015,NG1,81052,49688,257745.36,12806851448
3/1/2015,NG1,81975,48302,260680.5,12591389511
4/1/2015,NG1,16711,9544,53140.98,507177513.1
5/1/2015,NG1,130284,69852,414303.12,28939901538
6/1/2015,NG1,108236,60417,344190.48,20794956230
7/1/2015,NG1,1121555.2,,3566545.536,0
9/1/2016,NG1,81285.74,50891.62,258488.6532,13154906313
10/1/2016,NG1,89108.53,56964.66,283365.1254,16141798024
11/1/2016,NG1,66105.76,41072.19,210216.3168,8634044505
12/1/2016,NG1,205579.62,136857.21,653743.1916,89469469259
1/1/2017,NG1,332327.15,199905.41,1056800.337,2.1126E+11
2/1/2017,NG1,270702.77,182991.49,860834.8086,1.57525E+11
3/1/2017,NG1,228282.96,135675.27,725939.8128,98492080105
4/1/2017,NG1,52526.29,34706.11,167033.6022,5797086572
5/1/2017,NG1,86650.4,55730.75,275548.272,15356511860
6/1/2017,NG1,70815.06,46813.57,225191.8908,10542036343
7/1/2017,NG1,95724.43,61423.96,304403.6874,18697679919
8/1/2017,NG1,111309.96,70186.02,353965.6728,24843441790
9/1/2017,NG1,154562.96,92278.66,491510.2128,45355903813
10/1/2017,NG1,83294.19,52484.51,264875.5242,13901862099
11/1/2017,NG1,80742.14,49803.47,256760.0052,12787539216
12/1/2017,NG1,99718.19,65537.29,317103.8442,20782126597
1/1/2018,NG1,95568.58,58732.97,303908.0844,17849424404
2/1/2018,NG1,78824.58,56206.68,250662.1644,14088888063
3/1/2018,NG1,194525.81,116813.22,618592.0758,72259732241
4/1/2018,NG1,186627.43,112337.17,593475.2274,66669327511
5/1/2018,NG1,140527,86716.18,446875.86,38751367513
6/1/2018,NG1,125254.15,78089.14,398308.197,31103544559
7/1/2018,NG1,102728.42,65500.28,326676.3756,21397394071
8/1/2018,NG1,80252.84,49776.07,255204.0312,12703053721
9/1/2018,NG1,188003.49,117335.05,597851.0982,70148888500
10/1/2018,NG1,308846.52,200406.24,982131.9336,1.96825E+11
11/1/2018,NG1,110245.05,74442.05,350579.259,26097838727
12/1/2018,NG1,73917.81,62967.81,235058.6358,14801127518
1/1/2019,NG1,82491.39,60529.69,262322.6202,15878306881
2/1/2019,NG1,96503.31,63383.52,306880.5258,19451167945
3/1/2019,NG1,64224.04,41403.58,204232.4472,8455954466
4/1/2019,NG1,7477.25,5386.94,23777.655,128088800.8
5/1/2019,NG1,47117.19,29293.55,149832.6642,4389130640
6/1/2019,NG1,58922.65,36878.53,187374.027,6910078676
7/1/2019,NG1,84591.74,49215.85,269001.7332,13239148951
8/1/2019,NG1,123225.98,69346.55,391858.6164,27174043135
9/1/2019,NG1,99130.31,57578.82,315234.3858,18150823958
10/1/2019,NG1,83474.44,50727.04,265448.7192,13465427797
11/1/2019,NG1,58866.69,37201.76,187196.0742,6964023425
12/1/2019,NG1,107135.01,66144.66,340689.3318,22534780018
1/1/2020,NG1,92537.8,54153.93,294270.204,15935888029
2/1/2020,NG1,87034.37,48247.07,276769.2966,13353307627
3/1/2020,NG1,37818.09,21370.96,120261.5262,2570104266
4/1/2020,NG1,94162.07,50047.36,299435.3826,14985950390
5/1/2020,NG1,50326.31,27768.48,160037.6658,4444002722
6/1/2020,NG1,122420.13,65093.91,389296.0134,25340799660
7/1/2020,NG1,118080.14,59683.61,375494.8452,22410887898
8/1/2020,NG1,205443.3,111784.91,653309.694,73030165346
9/1/2020,NG1,206467.02,128184.13,656565.1236,84161229157
10/1/2020,NG1,55478.31,31917.03,176421.0258,5630835173
11/1/2020,NG1,80650.79,53720.89,256469.5122,13777770453
12/1/2020,NG1,206047.99,135051.99,655232.6082,88490467650
1/1/2021,NG1,227227.82,138641.63,722584.4676,1.0018E+11
12/1/2016,NG10,176.84,175.67,562.3512,98788.2353
1/1/2017,NG10,193.1,206.98,614.058,127097.7248
2/1/2017,NG10,316.49,318.19,1006.4382,320238.5709
3/1/2017,NG10,250.01,234.16,795.0318,186164.6463
4/1/2017,NG10,261.56,240.3,831.7608,199872.1202
5/1/2017,NG10,152.46,143.62,484.8228,69630.25054
6/1/2017,NG10,53.37,59.05,169.7166,10021.76523
7/1/2017,NG10,54.31,59.01,172.7058,10191.36926
8/1/2017,NG10,1108.09,953.09,3523.7262,3358428.204
9/1/2017,NG10,310.18,288.26,986.3724,284331.708
10/1/2017,NG10,233.35,210.13,742.053,155927.5969
11/1/2017,NG10,255.82,242.96,813.5076,197649.8065
12/1/2017,NG10,232.08,226.9,738.0144,167455.4674
1/1/2018,NG10,155.47,149.99,494.3946,74154.24605
2/1/2018,NG10,334.37,344.84,1063.2966,366667.1995
3/1/2018,NG10,219.55,207.08,698.169,144576.8365
4/1/2018,NG10,271.28,234.19,862.6704,202028.781
5/1/2018,NG10,130.13,120.35,413.8134,49802.44269
6/1/2018,NG10,49.18,53.29,156.3924,8334.150996
7/1/2018,NG10,52.12,56.29,165.7416,9329.594664
8/1/2018,NG10,129.25,119.53,411.015,49128.62295
9/1/2018,NG10,207.19,186.17,658.8642,122660.7481
10/1/2018,NG10,261.6,234.88,831.888,195393.8534
11/1/2018,NG10,298.98,284.26,950.7564,270262.0143
12/1/2018,NG10,200.06,221.56,636.1908,140954.4336
1/1/2019,NG10,155.62,162.91,494.8716,80619.53236
2/1/2019,NG10,327.01,312.66,1039.8918,325132.5702
3/1/2019,NG10,226.28,214.97,719.5704,154686.0489
4/1/2019,NG10,265.23,230.27,843.4314,194216.9485
5/1/2019,NG10,170.01,150.87,540.6318,81565.11967
6/1/2019,NG10,34.5,43,109.71,4717.53
7/1/2019,NG10,17.74,28.96,56.4132,1633.726272
8/1/2019,NG10,136.68,117.68,434.6424,51148.71763
9/1/2019,NG10,133.68,117.69,425.1024,50030.30146
10/1/2019,NG10,220.37,202.4,700.7766,141837.1838
11/1/2019,NG10,267.1,247.92,849.378,210577.7938
12/1/2019,NG10,165.33,155.89,525.7494,81959.07397
1/1/2020,NG10,125,115.74,397.5,46006.65
2/1/2020,NG10,309.59,263.6,984.4962,259513.1983
3/1/2020,NG10,141.68,125.27,450.5424,56439.44645
4/1/2020,NG10,75.63,69.86,240.5034,16801.56752
5/1/2020,NG10,62.85,61.44,199.863,12279.58272
6/1/2020,NG10,47.13,49.56,149.8734,7427.725704
7/1/2020,NG10,20.91,116.72,66.4938,7761.156336
1/1/2021,NG10,116.26,119.28,369.7068,44098.6271
12/1/2016,NG11,4980.9,4173.23,15839.262,66100883.36
1/1/2017,NG11,1905.79,1963.74,6060.4122,11901073.85
2/1/2017,NG11,3757.95,3323.36,11950.281,39715085.86
3/1/2017,NG11,2788.96,2373.07,8868.8928,21046503.44
4/1/2017,NG11,3612.52,2440.73,11487.8136,28038651.29
5/1/2017,NG11,1844.28,1280.94,5864.8104,7512470.234
6/1/2017,NG11,1111.29,831.8,3533.9022,2939499.85
7/1/2017,NG11,1187.47,862.08,3776.1546,3255347.358
8/1/2017,NG11,1606.26,1111.27,5107.9068,5676263.59
9/1/2017,NG11,3446.47,2256.9,10959.7746,24735115.29
10/1/2017,NG11,3211.43,2102.8,10212.3474,21474524.11
11/1/2017,NG11,2935.61,2531.28,9335.2398,23630105.8
12/1/2017,NG11,2085.57,1970.09,6632.1126,13065858.71
1/1/2018,NG11,1828.84,1767.2,5815.7112,10277524.83
2/1/2018,NG11,3394.14,3054.45,10793.3652,32967794.34
3/1/2018,NG11,2420.25,2066.23,7696.395,15902522.24
4/1/2018,NG11,3101.41,1959.88,9862.4838,19329284.75
5/1/2018,NG11,1369.52,945.3,4355.0736,4116851.074
6/1/2018,NG11,726.21,556.51,2309.3478,1285175.144
7/1/2018,NG11,1061.12,774.98,3374.3616,2615062.753
8/1/2018,NG11,1693.84,1142.33,5386.4112,6153059.106
9/1/2018,NG11,3243.87,2115.5,10315.5066,21822454.21
10/1/2018,NG11,3079.58,2049.9,9793.0644,20074802.71
11/1/2018,NG11,3255.36,2756.94,10352.0448,28539966.39
12/1/2018,NG11,2004.76,2149.57,6375.1368,13703802.81
1/1/2019,NG11,1842.17,1870.8,5858.1006,10959334.6
2/1/2019,NG11,2835.81,2403.37,9017.8758,21673292.16
3/1/2019,NG11,2498.59,2141.4,7945.5162,17014528.39
4/1/2019,NG11,3432.14,2149.68,10914.2052,23462048.63
5/1/2019,NG11,2168.15,1377.46,6894.717,9497196.879
6/1/2019,NG11,1577.5,1042.36,5016.45,5228946.822
7/1/2019,NG11,1564.02,976.44,4973.5836,4856405.97
8/1/2019,NG11,1061.64,1345,3376.0152,4540740.444
12/1/2019,NG11,1349.34,1084.94,4290.9012,4655370.348
12/1/2019,NG11,2019.57,1749.94,6422.2326,11238521.72
1/1/2020,NG11,1935.99,1630.71,6156.4482,10039381.64
2/1/2020,NG11,2480.89,1891.79,7889.2302,14924766.8
3/1/2020,NG11,2213.28,1473.22,7038.2304,10368861.79
4/1/2020,NG11,8042.29,4646.74,25574.4822,118837969.4
5/1/2020,NG11,217.86,250.6,692.7948,173614.3769
6/1/2020,NG11,1580.56,899.8,5026.1808,4522557.484
7/1/2020,NG11,1743.72,940.55,5545.0296,5215377.59
8/1/2020,NG11,1572.36,925.51,5000.1048,4627646.993
9/1/2020,NG11,1540.91,1021.62,4900.0938,5006033.828
10/1/2020,NG11,1322.43,835.06,4205.3274,3511700.699
11/1/2020,NG11,2648.46,1842.48,8422.1028,15517555.97
12/1/2020,NG11,2162.93,1489.61,6878.1174,10245712.46
1/1/2021,NG11,1864.41,1235.47,5928.8238,7324883.94
12/1/2016,NG12,4.19,15.93,13.3242,212.254506
1/1/2017,NG12,20.99,32.71,66.7482,2183.333622
2/1/2017,NG12,12.62,23.53,40.1316,944.296548
3/1/2017,NG12,0,12.39,0,0
4/1/2017,NG12,126.06,122.23,400.8708,48998.43788
5/1/2017,NG12,12.62,23.25,40.1316,933.0597
6/1/2017,NG12,158.01,150.59,502.4718,75667.22836
7/1/2017,NG12,10.44,21.35,33.1992,708.80292
8/1/2017,NG12,11.49,22.14,36.5382,808.955748
9/1/2017,NG12,9.4,20.43,29.892,610.69356
10/1/2017,NG12,23.02,31.94,73.2036,2338.122984
11/1/2017,NG12,4.19,15.97,13.3242,212.787474
12/1/2017,NG12,4.18,16.11,13.2924,214.140564
1/1/2018,NG12,8.4,20.17,26.712,538.78104
2/1/2018,NG12,78.86,88.58,250.7748,22213.63178
3/1/2018,NG12,1.05,13.77,3.339,45.97803
4/1/2018,NG12,11.52,21.48,36.6336,786.889728
5/1/2018,NG12,11.54,21.63,36.6972,793.760436
6/1/2018,NG12,68.02,69.09,216.3036,14944.41572
7/1/2018,NG12,0,12.03,0,0
8/1/2018,NG12,61.5,63.17,195.57,12354.1569
9/1/2018,NG12,20.93,29.62,66.5574,1971.430188
10/1/2018,NG12,0,12.03,0,0
11/1/2018,NG12,10.45,23.66,33.231,786.24546
12/1/2018,NG12,4.19,19.07,13.3242,254.092494
1/1/2019,NG12,8.41,23.08,26.7438,617.246904
2/1/2019,NG12,14.72,27.75,46.8096,1298.9664
3/1/2019,NG12,12.63,25.83,40.1634,1037.420622
4/1/2019,NG12,11.58,24.82,36.8244,913.981608
5/1/2019,NG12,12.59,19.06,40.0362,763.089972
6/1/2019,NG12,28.23,37.99,89.7714,3410.415486
7/1/2019,NG12,22.95,32.93,72.981,2403.26433
8/1/2019,NG12,2.09,17.04,6.6462,113.251248
9/1/2019,NG12,12.53,25.07,39.8454,998.924178
10/1/2019,NG12,24.01,46.71,76.3518,3566.392578
12/1/2019,NG12,0,5.82,0,0
12/1/2019,NG12,5.23,20.35,16.6314,338.44899
1/1/2020,NG12,1.05,16.96,3.339,56.62944
2/1/2020,NG12,6.3,20.79,20.034,416.50686
3/1/2020,NG12,14.69,26.91,46.7142,1257.079122
4/1/2020,NG12,23.11,33.11,73.4898,2433.247278
5/1/2020,NG12,11.52,24.49,36.6336,897.156864
6/1/2020,NG12,34.57,40.66,109.9326,4469.859516
7/1/2020,NG12,19.86,30.11,63.1548,1901.591028
8/1/2020,NG12,14.61,27.29,46.4598,1267.887942
9/1/2020,NG12,40.77,49.23,129.6486,6382.600578
10/1/2020,NG12,1.05,17.45,3.339,58.26555
11/1/2020,NG12,0,16.7,0,0
12/1/2020,NG12,45,45,143.1,6439.5
1/1/2020,NG12,1.05,18.07,3.339,60.33573
7/1/2017,NG13,0,2.89,0,0
7/1/2017,NG13,0,12.39,0,0
8/1/2017,NG13,0,12.39,0,0
9/1/2017,NG13,0,12.44,0,0
10/1/2017,NG13,0,12.44,0,0
11/1/2017,NG13,0,12.44,0,0
12/1/2017,NG13,0,12.5,0,0
1/1/2018,NG13,0,13.04,0,0
2/1/2018,NG13,0,13.04,0,0
3/1/2018,NG13,0,12.9,0,0
4/1/2018,NG13,3.14,14.62,10.3934,151.951508
5/1/2018,NG13,0,12.03,0,0
6/1/2018,NG13,0,12.03,0,0
7/1/2018,NG13,0,12.03,0,0
8/1/2018,NG13,0,12.03,0,0
9/1/2018,NG13,0,12.03,0,0
10/1/2018,NG13,0,12.03,0,0
11/1/2018,NG13,0,14.93,0,0
12/1/2018,NG13,0,14.99,0,0
1/1/2019,NG13,0,15.46,0,0
2/1/2019,NG13,0,15.46,0,0
3/1/2019,NG13,0,15.46,0,0
4/1/2019,NG13,3.16,16.36,10.4596,171.119056
5/1/2019,NG13,0,15.46,0,0
6/1/2019,NG13,0,15.46,0,0
7/1/2019,NG13,0,15.46,0,0
8/1/2019,NG13,0,15.46,0,0
9/1/2019,NG13,0,15.47,0,0
10/1/2019,NG13,0,15.75,0,0
11/1/2019,NG13,0,15.79,0,0
12/1/2019,NG13,0,16.2,0,0
1/1/2020,NG13,0,16.2,0,0
2/1/2020,NG13,0,16.2,0,0
3/1/2020,NG13,0,16.2,0,0
4/1/2020,NG13,0,16.2,0,0
5/1/2020,NG13,0,16.2,0,0
6/1/2020,NG13,0,16.2,0,0
7/1/2020,NG13,0,16.46,0,0
8/1/2020,NG13,0,16.67,0,0
9/1/2020,NG13,0,16.67,0,0
10/1/2020,NG13,0,16.67,0,0
11/1/2020,NG13,0,16.68,0,0
12/1/2020,NG13,0,17.19,0,0
1/1/2020,NG13,0,17.19,0,0
10/1/2017,NG14,0,4.56,0,0
10/1/2017,NG14,0,12.44,0,0
11/1/2017,NG14,0,12.44,0,0
12/1/2017,NG14,0,12.5,0,0
1/1/2018,NG14,0,13.04,0,0
2/1/2018,NG14,0,13.04,0,0
3/1/2018,NG14,0,12.9,0,0
4/1/2018,NG14,0,12.03,0,0
5/1/2018,NG14,0,12.03,0,0
6/1/2018,NG14,0,12.03,0,0
7/1/2018,NG14,0,12.03,0,0
8/1/2018,NG14,0,12.03,0,0
9/1/2018,NG14,0,12.03,0,0
10/1/2018,NG14,0,12.03,0,0
11/1/2018,NG14,0,14.93,0,0
12/1/2018,NG14,0,14.99,0,0
1/1/2019,NG14,0,15.46,0,0
2/1/2019,NG14,0,15.46,0,0
3/1/2019,NG14,0,15.46,0,0
4/1/2019,NG14,0,15.46,0,0
5/1/2019,NG14,0,15.46,0,0
6/1/2019,NG14,0,15.46,0,0
7/1/2019,NG14,0,15.46,0,0
8/1/2019,NG14,0,15.46,0,0
9/1/2019,NG14,0,15.47,0,0
10/1/2019,NG14,0,15.75,0,0
11/1/2019,NG14,0,15.79,0,0
12/1/2019,NG14,0,16.2,0,0
1/1/2020,NG14,0,16.2,0,0
2/1/2020,NG14,0,16.2,0,0
3/1/2020,NG14,0,16.2,0,0
4/1/2020,NG14,0,16.2,0,0
5/1/2020,NG14,0,16.2,0,0
6/1/2020,NG14,0,16.2,0,0
7/1/2020,NG14,0,16.46,0,0
8/1/2020,NG14,0,16.67,0,0
9/1/2020,NG14,0,16.67,0,0
10/1/2020,NG14,0,16.67,0,0
11/1/2020,NG14,0,16.68,0,0
12/1/2020,NG14,0,17.19,0,0
1/1/2020,NG14,0,17.19,0,0
3/1/2017,NG15,554.64,544.28,1763.7552,959976.6803
4/1/2017,NG15,689.1,625.21,2191.338,1370046.431
5/1/2017,NG15,263.92,251.92,839.2656,211427.79
6/1/2017,NG15,8.37,32.08,26.6166,853.860528
7/1/2017,NG15,73.11,87.54,232.4898,20352.15709
8/1/2017,NG15,149.35,151.56,474.933,71980.84548
9/1/2017,NG15,597.39,532.39,1899.7002,1011381.389
10/1/2017,NG15,1292.57,1189.19,4110.3726,4888013.992
12/1/2017,NG15,456.84,446.93,1452.7512,649278.0938
1/1/2018,NG15,342.45,330.28,1088.991,359671.9475
2/1/2018,NG15,859.05,885.84,2731.779,2419919.109
3/1/2018,NG15,632.38,595.57,2010.9684,1197672.45
4/1/2018,NG15,598.08,513.83,1901.8944,977250.3996
5/1/2018,NG15,199.4,190.03,634.092,120496.5028
6/1/2018,NG15,155.91,154.85,495.7938,76773.66993
7/1/2018,NG15,415.9,377.3,1322.562,499002.6426
8/1/2018,NG15,228.28,213.91,725.9304,155283.7719
9/1/2018,NG15,307.64,282.64,978.2952,276505.3553
10/1/2018,NG15,866.43,762.15,2755.2474,2099911.806
11/1/2018,NG15,645.01,605.98,2051.1318,1242944.848
12/1/2018,NG15,429.44,468.99,1365.6192,640461.7486
1/1/2019,NG15,342.77,352.37,1090.0086,384086.3304
2/1/2019,NG15,496.29,468.59,1578.2022,739529.7689
3/1/2019,NG15,418.89,392.72,1332.0702,523130.6089
4/1/2019,NG15,500.98,436.67,1593.1164,695666.1384
5/1/2019,NG15,309.59,277.51,984.4962,273207.5405
6/1/2019,NG15,162.04,160.3,515.2872,82600.53816
7/1/2019,NG15,557.16,483.1,1771.7688,855941.5073
9/1/2019,NG15,452.22,376.67,1438.0596,541673.9095
10/1/2019,NG15,1011.86,880.52,3217.7148,2833262.236
12/1/2019,NG15,130.55,119.05,415.149,49423.48845
12/1/2019,NG15,198.82,191.16,632.2476,120860.4512
1/1/2020,NG15,182.78,172.28,581.2404,100136.0961
2/1/2020,NG15,538.36,448.36,1711.9848,767585.5049
3/1/2020,NG15,416.09,458.03,1323.1662,606049.8146
8/1/2020,NG15,64.72,80.29,205.8096,16524.45278
9/1/2020,NG15,326.16,293.32,1037.1888,304228.2188
10/1/2020,NG15,388.89,348.08,1236.6702,430460.1632
11/1/2020,NG15,395.54,388.53,1257.8172,488699.7167
12/1/2020,NG15,480.3,466.64,1527.354,712724.4706
1/1/2021,NG15,170.73,174.65,542.9214,94821.22251
7/1/2009,NG16,0,0,0,0
8/1/2009,NG16,0,0,0,0
9/1/2009,NG16,0,0,0,0
10/1/2009,NG16,0,0,0,0
11/1/2009,NG16,0,0,0,0
12/1/2009,NG16,54406,49847.96,173011.08,8624249395
1/1/2010,NG16,13214.7,13949.33,42022.746,586189151.5
2/1/2010,NG16,25855.01,27757.32,82218.9318,2282177200
3/1/2010,NG16,20013.98,21100.59,63644.4564,1342935580
4/1/2010,NG16,23588.58,17188.03,75011.6844,1289303082
5/1/2010,NG16,22030.18,17116.4,70055.9724,1199106046
6/1/2010,NG16,21552.67,16567.38,68537.4906,1135486651
7/1/2010,NG16,23108.97,19353.69,73486.5246,1422235416
8/1/2010,NG16,21875.62,18538.2,69564.4716,1289600087
9/1/2010,NG16,18571.25,15031.87,59056.575,887730758
10/1/2010,NG16,22313.33,16558.96,70956.3894,1174964014
11/1/2010,NG16,25325.96,20666.63,80536.5528,1664419138
12/1/2010,NG16,26076.18,24073.26,82922.2524,1996208942
1/1/2011,NG16,23246.12,21942.22,73922.6616,1622027304
2/1/2011,NG16,21368.38,20336.69,67951.4484,1381907541
3/1/2011,NG16,22655.33,20320.61,72043.9494,1463976999
4/1/2011,NG16,25249.67,19498.27,80293.9506,1565593128
5/1/2011,NG16,19602.42,15434.26,62335.6956,962105333.2
6/1/2011,NG16,20834.21,16277.1,66252.7878,1078403252
7/1/2011,NG16,24315.45,19077.15,77323.131,1475104969
8/1/2011,NG16,25289.82,19908.47,80421.6276,1601071560
9/1/2011,NG16,23375.5,17066.84,74334.09,1268648021
10/1/2011,NG16,24456.4,17580.14,77771.352,1367231256
11/1/2011,NG16,23322.7,19460.33,74166.186,1443298454
12/1/2011,NG16,26397.21,21701.5,83943.1278,1821691788
1/1/2012,NG16,23359.85,19144.59,74284.323,1422142907
2/1/2012,NG16,21493.46,16498,68349.2028,1127625148
3/1/2012,NG16,25907,18704,82384.26,1540915199
4/1/2012,NG16,22960.78,13165.08,73015.2804,961252007.7
5/1/2012,NG16,23496.32,13107.89,74718.2976,979399225.9
6/1/2012,NG16,24828.08,14961.99,78953.2944,1181298401
7/1/2012,NG16,22384.17,14332.8,71181.6606,1020232505
8/1/2012,NG16,22281.8,14831.9,70856.124,1050930946
9/1/2012,NG16,27028.43,16893.61,85950.4074,1452012662
10/1/2012,NG16,22490.94,14991.03,71521.1892,1072176293
11/1/2012,NG16,23800,20043.37,75684,1516962415
12/1/2012,NG16,26238.87,21844.82,83439.6066,1822723187
1/1/2013,NG16,19293.21,16175.38,61352.4078,992398510.1
2/1/2013,NG16,21422.75,17785.48,68124.345,1211624176
3/1/2013,NG16,24965.88,20890.46,79391.4984,1658524922
4/1/2013,NG16,19929.25,14806.31,63375.015,938350118.3
5/1/2013,NG16,23138.88,17597.67,73581.6384,1294865391
6/1/2013,NG16,22303.05,16948.93,70923.699,1202080810
7/1/2013,NG16,21751.42,15509.2,69169.5156,1072763851
8/1/2013,NG16,23636.78,15960.31,75164.9604,1199656069
9/1/2013,NG16,25483.62,17483.12,81037.9116,1416795533
10/1/2013,NG16,22801.78,15364.99,72509.6604,1114110207
11/1/2013,NG16,25195.66,19958.21,80122.1988,1599095669
12/1/2013,NG16,24205.91,20245.27,76974.7938,1558375484
1/1/2014,NG16,18701.31,18007.48,59470.1658,1070907821
2/1/2014,NG16,21382,22456.65,67994.76,1526934527
3/1/2014,NG16,28869.89,27859.12,91806.2502,2557641341
4/1/2014,NG16,21550.47,16884,68530.4946,1157068871
5/1/2014,NG16,8355.89,6785.2,26571.7302,180294503.8
6/1/2014,NG16,0,102,0,0
7/1/2009,NG2,475082.63,268097.19,1510762.763,4.05031E+11
8/1/2009,NG2,501545.6,255595.91,1594915.008,4.07654E+11
9/1/2009,NG2,490264.94,221957.56,1559042.509,3.46041E+11
10/1/2009,NG2,447990.79,242869.33,1424610.712,3.45994E+11
11/1/2009,NG2,359329.12,217613,1142666.602,2.48659E+11
12/1/2009,NG2,492695.43,294206.3,1566771.467,4.60954E+11
1/1/2010,NG2,522134,401777.4,1660386.12,6.67106E+11
2/1/2010,NG2,478946.89,341098.63,1523051.11,5.19511E+11
3/1/2010,NG2,439983.15,292115.78,1399146.417,4.08713E+11
4/1/2010,NG2,426562,235260.45,1356467.16,3.19123E+11
5/1/2010,NG2,293639.25,175302.75,933772.815,1.63693E+11
6/1/2010,NG2,455748.61,267077.66,1449280.58,3.8707E+11
7/1/2010,NG2,470263.06,305442.27,1495436.531,4.5677E+11
8/1/2010,NG2,463875.99,305123.91,1475125.648,4.50096E+11
9/1/2010,NG2,509570.53,275179.8,1620434.285,4.45911E+11
10/1/2010,NG2,329433.13,184422.82,1047597.353,1.93201E+11
11/1/2010,NG2,455600.72,230547,1448810.29,3.34019E+11
12/1/2010,NG2,523080.9,318732.3,1663397.262,5.30178E+11
1/1/2011,NG2,420674.28,243809,1337744.21,3.26154E+11
2/1/2011,NG2,473767.04,291278.56,1506579.187,4.38834E+11
3/1/2011,NG2,494661.71,276606.19,1573024.238,4.35108E+11
4/1/2011,NG2,426492.12,252763.83,1356244.942,3.4281E+11
5/1/2011,NG2,265414.7,161165.1,844018.746,1.36026E+11
6/1/2011,NG2,479519.28,288285.4,1524871.31,4.39598E+11
7/1/2011,NG2,499576.05,302658.94,1588651.839,4.8082E+11
8/1/2011,NG2,475783.98,289835.15,1512993.056,4.38519E+11
9/1/2011,NG2,485943.08,269878.74,1545298.994,4.17043E+11
10/1/2011,NG2,459157.46,250286.61,1460120.723,3.65449E+11
11/1/2011,NG2,415877.76,217774.92,1322491.277,2.88005E+11
12/1/2011,NG2,489176.57,248655.95,1555581.493,3.86805E+11
1/1/2012,NG2,415435,198919.38,1321083.3,2.62789E+11
2/1/2012,NG2,498288,217361.98,1584555.84,3.44422E+11
3/1/2012,NG2,490051.27,201819.72,1558363.039,3.14508E+11
4/1/2012,NG2,449004.27,167251.02,1427833.579,2.38807E+11
5/1/2012,NG2,171455.31,61057.1,545227.8858,33290033546
6/1/2012,NG2,498832.29,197930,1586286.682,3.13974E+11
7/1/2012,NG2,532001.93,230309.97,1691766.137,3.89631E+11
8/1/2012,NG2,510339.82,233385.19,1622880.628,3.78756E+11
9/1/2012,NG2,519115.47,216945.1,1650787.195,3.5813E+11
10/1/2012,NG2,459121.88,210381.9,1460007.578,3.07159E+11
11/1/2012,NG2,504735.07,253960.55,1605057.523,4.07621E+11
12/1/2012,NG2,434312.23,228492.97,1381112.891,3.15575E+11
1/1/2013,NG2,392377.75,193117,1247761.245,2.40964E+11
2/1/2013,NG2,517806.65,252747.96,1646625.147,4.16181E+11
3/1/2013,NG2,537737.09,273780.77,1710003.946,4.68166E+11
4/1/2013,NG2,487297.26,275311.2,1549605.287,4.26624E+11
5/1/2013,NG2,272849.29,159217.3,867660.7422,1.38147E+11
6/1/2013,NG2,312209.02,182998.37,992824.6836,1.81685E+11
7/1/2013,NG2,113460.83,64601.86,360805.4394,23308702483
8/1/2013,NG2,143450.32,86033.82,456172.0176,39246221251
9/1/2013,NG2,430802.02,232665.86,1369950.424,3.18741E+11
10/1/2013,NG2,405243.05,208296.84,1288672.899,2.68426E+11
11/1/2013,NG2,410285.9,215507.04,1304709.162,2.81174E+11
12/1/2013,NG2,433038.58,221920.77,1377062.684,3.05599E+11
1/1/2014,NG2,414247.32,205650.81,1317306.478,2.70905E+11
2/1/2014,NG2,347554.28,141436.52,1105222.61,1.56319E+11
3/1/2014,NG2,190023.82,153454.33,604275.7476,92728729983
4/1/2014,NG2,225184.44,158223.05,716086.5192,1.13301E+11
5/1/2014,NG2,258503.23,170038,822040.2714,1.39778E+11
6/1/2014,NG2,142835.68,86174.96,454217.4624,39142171654
7/1/2014,NG2,249893,144412,794659.74,1.14758E+11
8/1/2014,NG2,501440,259806,1594579.2,4.14281E+11
9/1/2014,NG2,482727,257522,1535071.86,3.95315E+11
10/1/2014,NG2,176926,95657,562624.68,53818989015
11/1/2014,NG2,455076,233972,1447141.68,3.38591E+11
12/1/2014,NG2,479755,273363,1525620.9,4.17048E+11
1/1/2015,NG2,492070,226325,1564782.6,3.54149E+11
2/1/2015,NG2,428778,263491,1363514.04,3.59274E+11
3/1/2015,NG2,490202,210955,1558842.36,3.28846E+11
4/1/2015,NG2,459288,183646,1460535.84,2.68222E+11
5/1/2015,NG2,330555,129959,1051164.9,1.36608E+11
6/1/2015,NG2,380060,160738,1208590.8,1.94266E+11
7/1/2015,NG2,6131772.7,,19499037.19,0
8/1/2016,NG2,411567.18,163417.68,1308783.632,2.13878E+11
9/1/2016,NG2,460189.49,191967.91,1463402.578,2.80926E+11
10/1/2016,NG2,434679.29,186906.27,1382280.142,2.58357E+11
11/1/2016,NG2,413978.53,169813.04,1316451.725,2.23551E+11
12/1/2016,NG2,287658.89,131652.69,914755.2702,1.2043E+11
1/1/2017,NG2,0,142.09,0,0
2/1/2017,NG2,0,142.09,0,0
3/1/2017,NG2,266838.64,160040.74,848546.8752,1.35802E+11
4/1/2017,NG2,433188.41,195851.85,1377539.144,2.69794E+11
5/1/2017,NG2,263437.38,118287.43,837730.8684,99093031455
6/1/2017,NG2,392944.1,182101.93,1249562.238,2.27548E+11
7/1/2017,NG2,483960.38,216457.5,1538994.008,3.33127E+11
8/1/2017,NG2,477804.02,208595.56,1519416.784,3.16944E+11
9/1/2017,NG2,399679.21,175038.14,1270979.888,2.2247E+11
10/1/2017,NG2,517713.81,225507.99,1646329.916,3.71261E+11
11/1/2017,NG2,491519.55,202848.63,1563032.169,3.17059E+11
12/1/2017,NG2,521347.32,232423.61,1657884.478,3.85331E+11
1/1/2018,NG2,520928.86,214946.97,1656553.775,3.56071E+11
2/1/2018,NG2,502442.91,253602.63,1597768.454,4.05198E+11
3/1/2018,NG2,248320.63,100133.5,789659.6034,79071379897
3/1/2018,NG2,45783.04,18532.49,145590.0672,2698146464
4/1/2018,NG2,147043.78,59682,467599.2204,27907256672
5/1/2018,NG2,246583.07,103257.92,784134.1626,80968062631
6/1/2018,NG2,360620.91,152893.1,1146774.494,1.75334E+11
7/1/2018,NG2,517281.11,225427.67,1644953.93,3.70818E+11
8/1/2018,NG2,544301.96,227542.68,1730880.233,3.93849E+11
9/1/2018,NG2,342926.53,145972.47,1090506.365,1.59184E+11
10/1/2018,NG2,0,139.87,0,0
11/1/2018,NG2,418742.77,186876.85,1331602.009,2.48846E+11
12/1/2018,NG2,534406.95,322853.33,1699414.101,5.48662E+11
1/1/2019,NG2,498671.5,256501.09,1585775.37,4.06753E+11
2/1/2019,NG2,507746.48,224148.99,1614633.806,3.61919E+11
3/1/2019,NG2,554882.46,236483.51,1764526.223,4.17281E+11
4/1/2019,NG2,481426.37,199283.27,1530935.857,3.0509E+11
5/1/2019,NG2,267425.71,106761.64,850413.7578,90791567461
6/1/2019,NG2,493453.12,201387.08,1569180.922,3.16013E+11
7/1/2019,NG2,484323.04,179363.38,1540147.267,2.76246E+11
8/1/2019,NG2,576640.46,204738.71,1833716.663,3.75433E+11
9/1/2019,NG2,564714.32,208186.15,1795791.538,3.73859E+11
10/1/2019,NG2,401612.44,156418.87,1277127.559,1.99767E+11
11/1/2019,NG2,338288.86,137588.04,1075758.575,1.48012E+11
12/1/2019,NG2,123386.62,48905.02,392369.4516,19188835878
1/1/2020,NG2,32999.63,12074.59,104938.8234,1267093268
2/1/2020,NG2,302576.48,109934.28,962193.2064,1.05778E+11
2/1/2020,NG2,567530.85,191389.1,1804748.103,3.45409E+11
3/1/2020,NG2,571544.13,189.28,1817510.333,344018355.9
4/1/2020,NG2,145928.89,45670.82,464053.8702,21193720776
5/1/2020,NG2,0,171.5,0,0
6/1/2020,NG2,0,171.5,0,0
7/1/2020,NG2,0,173.21,0,0
8/1/2020,NG2,0,174.83,0,0
9/1/2020,NG2,195766.32,79289.09,622536.8976,49360384102
10/1/2020,NG2,345243.28,122605,1097873.63,1.34605E+11
11/1/2020,NG2,406323.35,181366.6,1292108.253,2.34345E+11
12/1/2020,NG2,361984.2,158584.43,1151109.756,1.82548E+11
1/1/2021,NG2,384892.98,151759.6,1223959.676,1.85748E+11
7/1/2009,NG3,0,0,0,0
8/1/2009,NG3,0,0,0,0
9/1/2009,NG3,0,0,0,0
10/1/2009,NG3,17198.94,14576.66,54692.6292,797235860.4
11/1/2009,NG3,4155.42,4508.84,13214.2356,59580874.04
12/1/2009,NG3,1550,1731.03,4929,8532246.87
1/1/2010,NG3,13590.47,17099.17,43217.6946,738986707
2/1/2010,NG3,9587.77,10121,30489.1086,308580268.1
3/1/2010,NG3,4057.31,4551.77,12902.2458,58728055.37
4/1/2010,NG3,3022.18,2304.87,9610.5324,22151027.81
5/1/2010,NG3,3912.88,3140.84,12442.9584,39081341.46
6/1/2010,NG3,5060.24,3979.95,16091.5632,64043616.96
7/1/2010,NG3,7048.45,5997.86,22414.071,134436459.9
8/1/2010,NG3,6565.07,5662.6,20876.9226,118217661.9
9/1/2010,NG3,7807.07,5721.57,24826.4826,142046458
10/1/2010,NG3,3851.1,2975.12,12246.498,36434801.13
11/1/2010,NG3,3564.46,3329.88,11334.9828,37744132.53
12/1/2010,NG3,8410,7905.46,26743.8,211422041.1
1/1/2011,NG3,8265.84,7999.83,26285.3712,210278501.1
2/1/2011,NG3,7242.43,7094.72,23030.9274,163397981.2
3/1/2011,NG3,4917.19,4894.37,15636.6642,76531620.16
4/1/2011,NG3,3777.38,3037.43,12012.0684,36485816.92
5/1/2011,NG3,4348.26,3533.89,13827.4668,48864746.65
6/1/2011,NG3,6400.03,5098.26,20352.0954,103760273.9
7/1/2011,NG3,9624.61,7637.38,30606.2598,233751636.5
8/1/2011,NG3,6344.18,5102.73,20174.4924,102944987.6
9/1/2011,NG3,7524.39,5591.91,23927.5602,133800763.2
10/1/2011,NG3,4047.74,3030.54,12871.8132,39008544.78
11/1/2011,NG3,3124.41,3395.27,9935.6238,33734125.42
12/1/2011,NG3,4225.96,4157.88,13438.5528,55875889.92
1/1/2012,NG3,7197.32,5931.89,22887.4776,135765999.5
2/1/2012,NG3,6097.47,4543.6,19389.9546,88100197.72
3/1/2012,NG3,2510,2191.16,7981.8,17489400.89
4/1/2012,NG3,3798.43,2298.79,12079.0074,27767101.42
5/1/2012,NG3,4721.01,2749.48,15012.8118,41277425.79
6/1/2012,NG3,7637.48,4702.85,24287.1864,114218994.6
7/1/2012,NG3,16309,10473.45,51862.62,543180557.4
8/1/2012,NG3,50323.44,32567.79,160028.5392,5211775859
9/1/2012,NG3,34990.43,21325.43,111269.5674,2372871371
10/1/2012,NG3,45918.78,29819.87,146021.7204,4354348720
11/1/2012,NG3,14955.16,10773.03,47557.4088,512337391.7
12/1/2012,NG3,79079.75,55434.45,251473.605,13940300983
1/1/2013,NG3,166119.55,108503.86,528260.169,57318267421
2/1/2013,NG3,84230.55,55842.4,267853.149,14957562688
3/1/2013,NG3,46463.34,31592.69,147753.4212,4667928032
4/1/2013,NG3,8897.35,6856.87,28293.573,194005351.9
5/1/2013,NG3,26005.19,19522.43,82696.5042,1614436714
6/1/2013,NG3,120392,88780.91,382846.56,33989465987
7/1/2013,NG3,120585.06,82991.35,383460.4908,31823903803
8/1/2013,NG3,161677.48,104854.62,514134.3864,53909365715
9/1/2013,NG3,167524.88,110645.88,532729.1184,58944282107
10/1/2013,NG3,95543.66,62030.62,303828.8388,18846691245
11/1/2013,NG3,90444.96,58206.98,287614.9728,16741198969
12/1/2013,NG3,135330.35,91513.95,430350.513,39383075329
1/1/2014,NG3,125583.33,96351.61,399354.9894,38478496190
2/1/2014,NG3,150136.45,133376.91,477433.911,63678659778
3/1/2014,NG3,96244.73,78392.78,306058.2414,23992756385
4/1/2014,NG3,119610.32,90612.3,380360.8176,34465368513
5/1/2014,NG3,104511.09,81611,332345.2662,27123029520
6/1/2014,NG3,118867.35,89627.5,377998.173,33879031251
7/1/2014,NG3,6756,5195,21484.08,111609795.6
8/1/2014,NG3,6446,4647,20498.28,95255507.16
9/1/2014,NG3,374,371,1189.32,441237.72
10/1/2014,NG3,7740,5586,24613.2,137489335.2
11/1/2014,NG3,5049,4645,16055.82,74579283.9
12/1/2014,NG3,5576,5351,17731.68,94882219.68
1/1/2015,NG3,8074,6554,25675.32,168276047.3
2/1/2015,NG3,10316,8113,32804.88,266145991.4
3/1/2015,NG3,5687,4848,18084.66,87674431.68
4/1/2015,NG3,2895,1710,9206.1,15742431
5/1/2015,NG3,4509,2581,14338.62,37007978.22
6/1/2015,NG3,5522,3239,17559.96,56876710.44
7/1/2015,NG3,109739.2,,348970.656,0
12/1/2016,NG3,6459.48,5274.21,20541.1464,108338319.8
1/1/2017,NG3,5677,5154.56,18052.86,93054550.04
2/1/2017,NG3,5432.94,4479.16,17276.7492,77385323.95
3/1/2017,NG3,5760.7,4302.97,18319.026,78826219.31
4/1/2017,NG3,3333.1,2260.57,10599.258,23960364.66
5/1/2017,NG3,3332.1,2224.25,10596.078,23568326.49
6/1/2017,NG3,6159.16,4103.03,19586.1288,80362474.05
7/1/2017,NG3,7432.88,4809.02,23636.5584,113668682.1
8/1/2017,NG3,6273.62,4015.86,19950.1116,80116855.17
9/1/2017,NG3,6799.98,4344.1,21623.9364,93936542.12
10/1/2017,NG3,3662.43,2382.45,11646.5274,27747269.2
11/1/2017,NG3,3962.03,3292.43,12599.2554,41482166.46
12/1/2017,NG3,7663.8,6041.13,24370.884,147227678.5
1/1/2018,NG3,7088.48,5517.54,22541.3664,124372890.8
2/1/2018,NG3,5949.21,5203.33,18918.4878,98439135.12
3/1/2018,NG3,5529.6,4405.83,17584.128,77472678.67
4/1/2018,NG3,3890.12,2432.76,12370.5816,30094656.09
5/1/2018,NG3,5262.96,3323.48,16736.2128,55622468.52
6/1/2018,NG3,5863.02,3728.12,18644.4036,69508573.95
7/1/2018,NG3,7187.07,4621.2,22854.8826,105616983.5
8/1/2018,NG3,7245.44,4529.89,23040.4992,104370926.9
9/1/2018,NG3,6829.91,4335.77,21719.1138,94169082.04
10/1/2018,NG3,3870.66,2548.53,12308.6988,31369088.15
11/1/2018,NG3,4665.6,4036.1,14836.608,59882033.55
12/1/2018,NG3,4798.23,4675.5,15258.3714,71340515.48
1/1/2019,NG3,7138.42,5915.42,22700.1756,134281072.7
2/1/2019,NG3,7385.51,5646.65,23485.9218,132616780.3
3/1/2019,NG3,4698.27,3912.19,14940.4986,58450069.22
4/1/2019,NG3,2990.1,1889.79,9508.518,17969102.23
5/1/2019,NG3,3975.29,2414.82,12641.4222,30526759.16
6/1/2019,NG3,5515.51,3317.92,17539.3218,58194066.59
7/1/2019,NG3,7349.52,4094.04,23371.4736,95683747.78
8/1/2019,NG3,10915.76,5849.1,34712.1168,203034642.4
9/1/2019,NG3,10562.9,5841.27,33590.022,196208387.8
10/1/2019,NG3,3756.65,2242.38,11946.147,26787801.11
11/1/2019,NG3,5146.95,4087.17,16367.301,66895941.63
12/1/2019,NG3,5682,4340.63,18068.76,78429801.72
1/1/2020,NG3,5229.17,3924.04,16628.7606,65251921.74
2/1/2020,NG3,6185.42,4049.9,19669.6356,79660057.22
3/1/2020,NG3,3059.13,2480.55,9728.0334,24130873.25
4/1/2020,NG3,2223.82,1207.77,7071.7476,8541044.599
5/1/2020,NG3,2438.39,1338.88,7754.0802,10381782.9
6/1/2020,NG3,5507.33,2777.09,17513.3094,48636036.4
7/1/2020,NG3,7887.51,3702.51,25082.2818,92867399.19
8/1/2020,NG3,7940.06,4059.69,25249.3908,102504699.3
9/1/2020,NG3,5304.34,3156.59,16867.8012,53244732.59
10/1/2020,NG3,1321.38,834.52,4201.9884,3506643.36
11/1/2020,NG3,4136.45,3488.53,13153.911,45887813.14
12/1/2020,NG3,6510.75,4923.47,20704.185,101936433.7
1/1/2020,NG3,5966.1,4342.67,18972.198,82389995.09
12/1/2016,NG4,634.12,592.79,2016.5016,1195361.983
1/1/2017,NG4,2454.65,2584.73,7805.787,20175851.83
2/1/2017,NG4,955.78,924.48,3039.3804,2809846.392
3/1/2017,NG4,3916.1,3625.84,12453.198,45153303.44
4/1/2017,NG4,1955.95,1716.69,6219.921,10677676.18
5/1/2017,NG4,1099.84,958.94,3497.4912,3353884.211
6/1/2017,NG4,62.78,67.3,199.6404,13435.79892
7/1/2017,NG4,1273.1,1105.45,4048.458,4475367.896
8/1/2017,NG4,36.55,43.42,116.229,5046.66318
9/1/2017,NG4,2390.6,2043.66,7602.108,15536124.04
10/1/2017,NG4,1613.56,1379.4,5131.1208,7077868.032
11/1/2017,NG4,1599.91,1421.32,5087.7138,7231269.378
12/1/2017,NG4,1191.75,1061.97,3789.765,4024616.737
1/1/2018,NG4,3028.47,2794.82,9630.5346,26915610.71
2/1/2018,NG4,1356.39,1299.64,4313.3202,5605763.465
3/1/2018,NG4,2299.7,1934.3,7313.046,14145624.88
6/1/2018,NG4,273.11,241.12,868.4898,209410.2606
7/1/2018,NG4,452.38,396.27,1438.5684,570061.4999
8/1/2018,NG4,855.78,723.78,2721.3804,1969680.706
9/1/2018,NG4,1497.41,1270.18,4761.7638,6048297.143
10/1/2018,NG4,1683.67,1446.29,5354.0706,7743538.768
11/1/2018,NG4,1553.46,1388.18,4940.0028,6857613.087
12/1/2018,NG4,1077.8,1107.08,3427.404,3794410.42
1/1/2019,NG4,2498.29,2318.57,7944.5622,18420023.58
3/1/2019,NG4,1309.29,1155.12,4163.5422,4809390.866
4/1/2019,NG4,754.63,626.66,2399.7234,1503810.666
5/1/2019,NG4,2278.34,1828.75,7245.1212,13249515.39
6/1/2019,NG4,502.83,417.69,1598.9994,667886.0594
7/1/2019,NG4,660.45,518.4,2100.231,1088759.75
8/1/2019,NG4,751.23,576.05,2388.9114,1376132.412
9/1/2019,NG4,1944.64,1499.43,6183.9552,9272407.946
10/1/2019,NG4,1843.34,1550.03,5861.8212,9085998.715
11/1/2019,NG4,1739.3,1480.74,5530.974,8189934.441
12/1/2019,NG4,1079.89,886.7,3434.0502,3044972.312
1/1/2020,NG4,697.5,552.65,2218.05,1225805.333
2/1/2020,NG4,1978.2,1548.26,6290.676,9739602.024
3/1/2020,NG4,854.25,637.98,2716.515,1733082.24
4/1/2020,NG4,194.33,153.86,617.9694,95080.77188
5/1/2020,NG4,221.01,175.32,702.8118,123216.9648
6/1/2020,NG4,195.87,154.91,622.8666,96488.26501
7/1/2020,NG4,195.49,149.76,621.6582,93099.53203
8/1/2020,NG4,221.2,176.94,703.416,124462.427
9/1/2020,NG4,198.63,175.33,631.6434,110746.0373
10/1/2020,NG4,202.81,168.66,644.9358,108774.872
11/1/2020,NG4,216.61,199.06,688.8198,137116.4694
12/1/2020,NG4,185.21,173.53,588.9678,102203.5823
1/1/2020,NG4,1026.47,909.5,3264.1746,2968766.799
12/1/2016,NG5,139.36,152.12,443.1648,67414.22938
2/1/2017,NG5,233.43,236.31,742.3074,175414.6617
3/1/2017,NG5,184.88,174.63,587.9184,102668.1902
4/1/2017,NG5,180.68,169.81,574.5624,97566.44114
5/1/2017,NG5,97.79,96.56,310.9722,30027.47563
6/1/2017,NG5,25.11,34.35,79.8498,2742.84063
7/1/2017,NG5,28.2,36.6,89.676,3282.1416
8/1/2017,NG5,36.55,43.42,116.229,5046.66318
9/1/2017,NG5,180.68,165.95,574.5624,95348.63028
10/1/2017,NG5,167.43,154.28,532.4274,82142.89927
11/1/2017,NG5,177.19,172.71,563.4642,97315.90198
12/1/2017,NG5,134.86,136.07,428.8548,58354.27264
1/1/2018,NG5,80.89,82.84,257.2302,21308.94977
2/1/2018,NG5,212.4,223.86,675.432,151202.2075
3/1/2018,NG5,138.66,135.38,440.9388,59694.29474
4/1/2018,NG5,173.87,154.22,552.9066,85269.25585
5/1/2018,NG5,82.91,81.03,263.6538,21363.86741
6/1/2018,NG5,19.88,28.71,63.2184,1815.000264
7/1/2018,NG5,19.81,28.83,62.9958,1816.168914
8/1/2018,NG5,38.57,44.1,122.6526,5408.97966
9/1/2018,NG5,183.12,165.86,582.3216,96583.86058
10/1/2018,NG5,176.84,162.68,562.3512,91483.29322
11/1/2018,NG5,176.67,173.93,561.8106,97715.71766
12/1/2018,NG5,109.98,127.97,349.7364,44755.76711
1/1/2019,NG5,46.27,57.59,147.1386,8473.711974
2/1/2019,NG5,203.99,201.16,648.6882,130490.1183
3/1/2019,NG5,133.67,133.25,425.0706,56640.65745
4/1/2019,NG5,156.82,142.47,498.6876,71048.02237
5/1/2019,NG5,103.9,98.18,330.402,32438.86836
6/1/2019,NG5,20.91,32.16,66.4938,2138.440608
7/1/2019,NG5,20.87,31.34,66.3666,2079.929244
8/1/2019,NG5,34.43,41.15,109.4874,4505.40651
9/1/2019,NG5,162.92,139.8,518.0856,72428.36688
10/1/2019,NG5,151.44,143.57,481.5792,69140.32574
11/1/2019,NG5,178.42,170.15,567.3756,96538.95834
12/1/2019,NG5,107.78,106.65,342.7404,36553.26366
1/1/2020,NG5,51.47,55.79,163.6746,9131.405934
2/1/2020,NG5,203.59,177.84,647.4162,115136.497
3/1/2020,NG5,83.96,79.52,266.9928,21231.26746
4/1/2020,NG5,34.67,40.77,110.2506,4494.916962
5/1/2020,NG5,30.38,38.06,96.6084,3676.915704
6/1/2020,NG5,49.23,51.04,156.5514,7990.383456
7/1/2020,NG5,96.18,82.04,305.8524,25092.1309
8/1/2020,NG5,93.9,84.71,298.602,25294.57542
9/1/2020,NG5,26.14,37.54,83.1252,3120.520008
10/1/2020,NG5,29.27,38.6,93.0786,3592.83396
11/1/2020,NG5,34.53,45.75,109.8054,5023.59705
12/1/2020,NG5,43.95,54.29,139.761,7587.62469
1/1/2020,NG5,68.08,71.79,216.4944,15542.13298
12/1/2016,NG6,686.33,695.83,2182.5294,1518669.432
1/1/2017,NG6,1975.98,2119.02,6283.6164,13315108.82
2/1/2017,NG6,929.2,944.06,2954.856,2789561.355
3/1/2017,NG6,1409.1,1329.47,4480.938,5957272.643
4/1/2017,NG6,229.66,212.51,730.3188,155200.0482
5/1/2017,NG6,158.99,149.22,505.5882,75443.8712
6/1/2017,NG6,0,12.39,0,0
7/1/2017,NG6,6.4,17.88,20.352,363.89376
8/1/2017,NG6,4.27,16.01,13.5786,217.393386
9/1/2017,NG6,16.01,26.04,50.9118,1325.743272
10/1/2017,NG6,119.73,113.87,380.7414,43355.02322
11/1/2017,NG6,618.04,597.71,1965.3672,1174719.629
12/1/2017,NG6,2083.7,2051.96,6626.166,13596627.59
1/1/2018,NG6,1836.23,1761.48,5839.2114,10285654.1
2/1/2018,NG6,1171.98,1218.74,3726.8964,4542117.719
3/1/2018,NG6,939.04,892.41,2986.1472,2664867.623
4/1/2018,NG6,397,337.15,1262.46,425638.389
5/1/2018,NG6,130.8,120.91,415.944,50291.78904
6/1/2018,NG6,4.28,15.63,13.6104,212.730552
7/1/2018,NG6,29.82,37.36,94.8276,3542.759136
8/1/2018,NG6,54.42,69.59,173.0556,12042.9392
10/1/2018,NG6,337.82,299.81,1074.2676,322076.1692
11/1/2018,NG6,930.24,892.67,2958.1632,2640663.544
12/1/2018,NG6,1105.4,1224.63,3515.172,4304785.086
1/1/2019,NG6,1837.99,1896.68,5844.8082,11085730.82
2/1/2019,NG6,972.17,935.63,3091.5006,2892500.706
3/1/2019,NG6,765.58,728.59,2434.5444,1773784.704
4/1/2019,NG6,273.12,236.66,868.5216,205544.3219
5/1/2019,NG6,149.03,134.17,473.9154,63585.22922
6/1/2019,NG6,9.61,23.13,30.5598,706.848174
7/1/2019,NG6,5.33,19.51,16.9494,330.682794
8/1/2019,NG6,3.2,17.86,10.176,181.74336
9/1/2019,NG6,11.74,24.46,37.3332,913.170072
10/1/2019,NG6,338.23,312.73,1075.5714,336363.4439
11/1/2019,NG6,289.94,275.99,922.0092,254465.3191
12/1/2019,NG6,624.33,572.45,1985.3694,1136524.713
1/1/2020,NG6,589.18,521.43,1873.5924,976947.2851
2/1/2020,NG6,454.59,389.86,1445.5962,563580.1345
3/1/2020,NG6,293.77,256.81,934.1886,239908.9744
4/1/2020,NG6,144.88,131.8,460.7184,60722.68512
5/1/2020,NG6,80.26,80.82,255.2268,20627.42998
6/1/2020,NG6,2.14,17.7,6.8052,120.45204
7/1/2020,NG6,25.63,34.08,81.5034,2777.635872
8/1/2020,NG6,1.07,17.52,3.4026,59.613552
9/1/2020,NG6,74.76,76.23,237.7368,18122.67626
10/1/2020,NG6,106.8,104.21,339.624,35392.21704
11/1/2020,NG6,290.78,285.48,924.6804,263977.7606
12/1/2020,NG6,664.95,629.42,2114.541,1330934.396
1/1/2021,NG6,550.02,503.5,1749.0636,880653.5226
12/1/2016,NG7,7.33,18.68,23.3094,435.419592
1/1/2017,NG7,6.3,18.33,20.034,367.22322
2/1/2017,NG7,8.41,19.88,26.7438,531.666744
3/1/2017,NG7,1.05,13.31,3.339,44.44209
4/1/2017,NG7,95.59,95.66,303.9762,29078.36329
5/1/2017,NG7,2.1,14.22,6.678,94.96116
6/1/2017,NG7,0,12.39,0,0
7/1/2017,NG7,9.4,20.46,29.892,611.59032
8/1/2017,NG7,1.04,13.28,3.3072,43.919616
9/1/2017,NG7,1.04,13.33,3.3072,44.084976
10/1/2017,NG7,2.09,14.21,6.6462,94.442502
11/1/2017,NG7,0,12.44,0,0
12/1/2017,NG7,1.05,13.38,3.339,44.67582
1/1/2018,NG7,4.2,16.81,13.356,224.51436
2/1/2018,NG7,52.57,66.81,167.1726,11168.80141
3/1/2018,NG7,5.25,17.5,16.695,292.1625
4/1/2018,NG7,10.47,20.63,33.2946,686.867598
5/1/2018,NG7,2.1,13.78,6.678,92.02284
6/1/2018,NG7,55.46,58.55,176.3628,10326.04194
7/1/2018,NG7,8.34,19.11,26.5212,506.820132
8/1/2018,NG7,20.85,29.37,66.303,1947.31911
9/1/2018,NG7,92.08,89.42,292.8144,26183.46365
10/1/2018,NG7,19.88,28.97,63.2184,1831.437048
11/1/2018,NG7,2.09,16.83,6.6462,111.855546
12/1/2018,NG7,1.05,15.95,3.339,53.25705
1/1/2019,NG7,4.21,19.22,13.3878,257.313516
2/1/2019,NG7,9.46,23.37,30.0828,703.035036
3/1/2019,NG7,13.68,26.7,43.5024,1161.51408
4/1/2019,NG7,3.16,18.01,10.0488,180.978888
5/1/2019,NG7,2.1,17.13,6.678,114.39414
6/1/2019,NG7,21.95,32.96,69.801,2300.64096
7/1/2019,NG7,18.78,29.75,59.7204,1776.6819
8/1/2019,NG7,2.09,59.9,6.6462,398.10738
12/1/2019,NG7,0,5.82,0,0
12/1/2019,NG7,1.05,17,3.339,56.763
1/1/2020,NG7,5.25,20.19,16.695,337.07205
2/1/2020,NG7,17.84,29.94,56.7312,1698.532128
3/1/2020,NG7,13.64,26.49,43.3752,1149.009048
4/1/2020,NG7,9.45,22.92,30.051,688.76892
5/1/2020,NG7,2.1,17.71,6.678,118.26738
6/1/2020,NG7,8.38,22.13,26.6484,589.729092
7/1/2020,NG7,12.55,25.1,39.909,1001.7159
8/1/2020,NG7,8.35,22.77,26.553,604.61181
9/1/2020,NG7,7.32,22.46,23.2776,522.814896
10/1/2020,NG7,6.27,21.36,19.9386,425.888496
11/1/2020,NG7,0,16.7,0,0
12/1/2020,NG7,1.05,17.5,3.339,58.4325
1/1/2021,NG7,5.24,21.42,16.6632,356.925744
12/1/2016,NG8,1737.04,1701.57,5523.7872,9399110.586
1/1/2017,NG8,2494.53,2505.26,7932.6054,19873239
2/1/2017,NG8,2192.31,2110.48,6971.5458,14713307.98
3/1/2017,NG8,2683.92,2306.53,8534.8656,19685923.55
4/1/2017,NG8,1069.36,801.09,3400.5648,2724158.456
5/1/2017,NG8,964.2,722.81,3066.156,2216248.218
6/1/2017,NG8,758.65,602.14,2412.507,1452666.965
7/1/2017,NG8,960.83,718.68,3055.4394,2195883.188
8/1/2017,NG8,1070.49,777.84,3404.1582,2647890.414
9/1/2017,NG8,1196.86,856.51,3806.0148,3259889.736
10/1/2017,NG8,1196.04,853.16,3803.4072,3244914.887
11/1/2017,NG8,1960.57,1788.04,6234.6126,11147736.71
12/1/2017,NG8,3492.67,3064.33,11106.6906,34034565.21
1/1/2018,NG8,3151.37,2740.08,10021.3566,27459318.79
2/1/2018,NG8,2385.78,2362.38,7586.7804,17922858.28
3/1/2018,NG8,2047.34,1909.54,6510.5412,12432138.84
4/1/2018,NG8,1299.85,885.32,4133.523,3659490.582
5/1/2018,NG8,964.44,697.79,3066.9192,2140065.549
6/1/2018,NG8,885.26,655.02,2815.1268,1843964.357
7/1/2018,NG8,872.46,656.27,2774.4228,1820770.451
8/1/2018,NG8,986.07,710.42,3135.7026,2227665.841
9/1/2018,NG8,1406.37,978.92,4472.2566,4377981.431
10/1/2018,NG8,1523.57,1069.12,4844.9526,5179835.724
11/1/2018,NG8,2613.49,2376,8310.8982,19746694.12
12/1/2018,NG8,2697.11,2784.02,8576.8098,23878010.02
1/1/2019,NG8,3178.59,2948.74,10107.9162,29805616.82
2/1/2019,NG8,3205.93,2756.03,10194.8574,28097332.84
3/1/2019,NG8,2235.47,2030.96,7108.7946,14437677.48
4/1/2019,NG8,1360.86,932.98,4327.5348,4037503.418
5/1/2019,NG8,1186.92,814.69,3774.4056,3074970.498
6/1/2019,NG8,905.31,656.71,2878.8858,1890593.094
7/1/2019,NG8,842,587.98,2677.56,1574351.729
8/1/2019,NG8,857.65,583.29,2727.327,1590822.566
9/1/2019,NG8,1220.89,793.55,3882.4302,3080902.485
10/1/2019,NG8,1261.61,875.37,4011.9198,3511914.235
11/1/2019,NG8,2222.38,1954.92,7067.1684,13815748.85
12/1/2019,NG8,2560.56,2160.46,8142.5808,17591720.12
1/1/2020,NG8,2266.88,1911.15,7208.6784,13776865.72
2/1/2020,NG8,2254.21,1726.46,7168.3878,12375934.8
3/1/2020,NG8,1642.38,1365.9,5222.7684,7133779.358
4/1/2020,NG8,1456.98,889.93,4633.1964,4123220.472
5/1/2020,NG8,1636.07,1000.65,5202.7026,5206084.357
6/1/2020,NG8,1108.17,674,3523.9806,2375162.924
7/1/2020,NG8,760,490.03,2416.8,1184304.504
8/1/2020,NG8,1156.06,720.21,3676.2708,2647686.993
9/1/2020,NG8,1593.18,1053.81,5066.3124,5338930.67
10/1/2020,NG8,1925.62,1216.97,6123.4716,7452081.233
11/1/2020,NG8,2182.81,1906.21,6941.3358,13231643.72
12/1/2020,NG8,3110.97,2553.12,9892.8846,25257721.53
1/1/2020,NG8,2946.39,2295.58,9369.5202,21508483.18
12/1/2016,NG8,1737.04,1701.57,5523.7872,9399110.586
1/1/2017,NG8,2494.53,2505.26,7932.6054,19873239
2/1/2017,NG8,2192.31,2110.48,6971.5458,14713307.98
3/1/2017,NG8,2683.92,2306.53,8534.8656,19685923.55
4/1/2017,NG8,1069.36,801.09,3400.5648,2724158.456
5/1/2017,NG8,964.2,722.81,3066.156,2216248.218
6/1/2017,NG8,758.65,602.14,2412.507,1452666.965
7/1/2017,NG8,960.83,718.68,3055.4394,2195883.188
8/1/2017,NG8,1070.49,777.84,3404.1582,2647890.414
9/1/2017,NG8,1196.86,856.51,3806.0148,3259889.736
10/1/2017,NG8,1196.04,853.16,3803.4072,3244914.887
11/1/2017,NG8,1960.57,1788.04,6234.6126,11147736.71
12/1/2017,NG8,3492.67,3064.33,11106.6906,34034565.21
1/1/2018,NG8,3151.37,2740.08,10021.3566,27459318.79
2/1/2018,NG8,2385.78,2362.38,7586.7804,17922858.28
3/1/2018,NG8,2047.34,1909.54,6510.5412,12432138.84
4/1/2018,NG8,1299.85,885.32,4133.523,3659490.582
5/1/2018,NG8,964.44,697.79,3066.9192,2140065.549
6/1/2018,NG8,885.26,655.02,2815.1268,1843964.357
7/1/2018,NG8,872.46,656.27,2774.4228,1820770.451
8/1/2018,NG8,986.07,710.42,3135.7026,2227665.841
9/1/2018,NG8,1406.37,978.92,4472.2566,4377981.431
10/1/2018,NG8,1523.57,1069.12,4844.9526,5179835.724
11/1/2018,NG8,2613.49,2376,8310.8982,19746694.12
12/1/2018,NG8,2697.11,2784.02,8576.8098,23878010.02
1/1/2019,NG8,3178.59,2948.74,10107.9162,29805616.82
2/1/2019,NG8,3205.93,2756.03,10194.8574,28097332.84
3/1/2019,NG8,2235.47,2030.96,7108.7946,14437677.48
4/1/2019,NG8,1360.86,932.98,4327.5348,4037503.418
5/1/2019,NG8,1186.92,814.69,3774.4056,3074970.498
6/1/2019,NG8,905.31,656.71,2878.8858,1890593.094
7/1/2019,NG8,842,587.98,2677.56,1574351.729
8/1/2019,NG8,857.65,583.29,2727.327,1590822.566
9/1/2019,NG8,1220.89,793.55,3882.4302,3080902.485
10/1/2019,NG8,1261.61,875.37,4011.9198,3511914.235
11/1/2019,NG8,2222.38,1954.92,7067.1684,13815748.85
12/1/2019,NG8,2560.56,2160.46,8142.5808,17591720.12
1/1/2020,NG8,2266.88,1911.15,7208.6784,13776865.72
2/1/2020,NG8,2254.21,1726.46,7168.3878,12375934.8
12/1/2016,NG9,153.82,148.74,489.1476,72755.81402
1/1/2017,NG9,177.36,186.75,564.0048,105327.8964
2/1/2017,NG9,220.81,218.65,702.1758,153530.7387
3/1/2017,NG9,190.13,174.43,604.6134,105462.7154
4/1/2017,NG9,171.22,161.58,544.4796,87977.01377
5/1/2017,NG9,121.97,117.37,387.8646,45523.6681
6/1/2017,NG9,80.57,82.86,256.2126,21229.77604
7/1/2017,NG9,85.64,85.91,272.3352,23396.31703
8/1/2017,NG9,76.24,77.12,242.4432,18697.21958
9/1/2017,NG9,193.21,176.58,614.4078,108492.1293
10/1/2017,NG9,178.94,164.03,569.0292,93337.85968
11/1/2017,NG9,199.2,188.8,633.456,119596.4928
12/1/2017,NG9,178.76,174.18,568.4568,99013.80542
1/1/2018,NG9,121.85,117.4,387.483,45490.5042
2/1/2018,NG9,239.74,246.88,762.3732,188214.6956
3/1/2018,NG9,171.22,161.28,544.4796,87813.66989
4/1/2018,NG9,195.87,172.44,622.8666,107407.1165
5/1/2018,NG9,131.18,121.23,417.1524,50571.38545
6/1/2018,NG9,80.57,79.62,256.2126,20399.64721
7/1/2018,NG9,88.6,87.28,281.748,24590.96544
8/1/2018,NG9,103.19,97.86,328.1442,32112.19141
9/1/2018,NG9,146.5,135.16,465.87,62966.9892
10/1/2018,NG9,178.94,164.46,569.0292,93582.54223
11/1/2018,NG9,193.4,184.96,615.012,113752.6195
12/1/2018,NG9,150.83,168.16,479.6394,80656.1615
1/1/2019,NG9,121.97,129.01,387.8646,50038.41205
2/1/2019,NG9,200.83,193.45,638.6394,123544.7919
3/1/2019,NG9,150.51,144.67,478.6218,69242.21581
4/1/2019,NG9,170.5,153.54,542.19,83247.8526
5/1/2019,NG9,139.58,126.63,443.8644,56206.54897
6/1/2019,NG9,77.36,77.23,246.0048,18998.9507
7/1/2019,NG9,84.26,78.22,267.9468,20958.7987
8/1/2019,NG9,129.38,112.21,411.4284,46166.38076
9/1/2019,NG9,82.51,78.57,262.3818,20615.33803
10/1/2019,NG9,156.66,145.21,498.1788,72340.54355
11/1/2019,NG9,193.02,179.97,613.8036,110466.2339
12/1/2019,NG9,128.71,122.05,409.2978,49954.79649
1/1/2020,NG9,105.05,97.42,334.059,32544.02778
2/1/2020,NG9,207.79,178.63,660.7722,118033.7381
3/1/2020,NG9,114.39,101.75,363.7602,37012.60035
4/1/2020,NG9,75.63,69.86,240.5034,16801.56752
5/1/2020,NG9,64.94,62.95,206.5092,12999.75414
6/1/2020,NG9,149.78,122.27,476.3004,58237.24991
7/1/2020,NG9,168.31,131.93,535.2258,70612.33979
8/1/2020,NG9,88.69,80.95,282.0342,22830.66849
9/1/2020,NG9,111.86,105.81,355.7148,37638.18299
10/1/2020,NG9,114.99,102.85,365.6682,37608.97437
11/1/2020,NG9,40.81,68.19,129.7758,8849.411802
1/1/2021,NG9,98.46,96.21,313.1028,30123.62039
